USE two_weeks_backend;

DESCRIBE management_code;
INSERT INTO management_code (entity_name, codes, digits) VALUES 
('TYPE', '005,006,007,008,009,010,999', 'THREE'),
('BRAND', '05,06,07,08,09,10,99', 'TWO'),
('SIZE', '00,01,02,03,04,05,06,07,08,09,10,99', 'TWO'),
('PRODUCT', '0026,0027,0028,0029,0030,0031,9999', 'FOUR');
SELECT * FROM management_code\G;

DESCRIBE type;
INSERT INTO type (id, name, code, activated) VALUES
(1, 'Type A', '000', true),
(2, 'Type B', '001', true),
(3, 'Type C', '002', true),
(4, 'Type D', '003', true),
(5, 'Type E', '004', true);
SELECT * FROM type\G;

DESCRIBE brand;
INSERT INTO brand (id, name, code, activated) VALUES
(1, 'Brand A', '00', true),
(2, 'Brand B', '01', true),
(3, 'Brand C', '02', true),
(4, 'Brand D', '03', true),
(5, 'Brand E', '04', true);
SELECT * FROM brand\G;

DESCRIBE size;
INSERT INTO size (id, name, code, activated) VALUES
(1, 'Small', '00', true),
(2, 'Medium', '01', true),
(3, 'Large', '02', true),
(4, 'Extra Large', '03', true),
(5, 'XXL', '04', true);
SELECT * FROM size\G;

DESCRIBE product;
INSERT INTO product (id, stock, purchase_price, sell_price_normal, sell_price_wholesale1, sell_price_wholesale2, name, code, type_id, brand_id, size_id, activated) VALUES
(1, 10, 100.50, 150.75, 140.00, 130.00, '1-1-1', '0000', 1, 1, 1, true),
(2, 20, 200.00, 250.00, 240.00, 230.00, '1-2-2', '0001', 1, 2, 2, true),
(3, 15, 150.00, 200.00, 190.00, 180.00, '1-3-3', '0002', 1, 3, 3, true),
(4, 30, 300.00, 350.00, 340.00, 330.00, '1-4-4', '0003', 1, 4, 4, true),
(5, 25, 250.00, 300.00, 290.00, 280.00, '1-5-5', '0004', 1, 5, 5, true),
(6, 10, 110.00, 160.00, 150.00, 140.00, '2-1-2', '0005', 2, 1, 2, true),
(7, 20, 210.00, 260.00, 250.00, 240.00, '2-2-3', '0006', 2, 2, 3, true),
(8, 15, 160.00, 210.00, 200.00, 190.00, '2-3-4', '0007', 2, 3, 4, true),
(9, 30, 310.00, 360.00, 350.00, 340.00, '2-4-5', '0008', 2, 4, 5, true),
(10, 25, 260.00, 310.00, 300.00, 290.00, '2-5-1', '0009', 2, 5, 1, true),
(11, 12, 120.00, 170.00, 160.00, 150.00, '3-1-2', '0010', 3, 1, 2, true),
(12, 22, 220.00, 270.00, 260.00, 250.00, '3-2-3', '0011', 3, 2, 3, true),
(13, 18, 170.00, 220.00, 210.00, 200.00, '3-3-4', '0012', 3, 3, 4, true),
(14, 35, 320.00, 370.00, 360.00, 350.00, '3-4-5', '0013', 3, 4, 5, true),
(15, 28, 270.00, 320.00, 310.00, 300.00, '3-5-1', '0014', 3, 5, 1, true),
(16, 14, 130.00, 180.00, 170.00, 160.00, '4-1-2', '0015', 4, 1, 2, true),
(17, 24, 230.00, 280.00, 270.00, 260.00, '4-2-3', '0016', 4, 2, 3, true),
(18, 19, 180.00, 230.00, 220.00, 210.00, '4-3-4', '0017', 4, 3, 4, true),
(19, 32, 330.00, 380.00, 370.00, 360.00, '4-4-5', '0018', 4, 4, 5, true),
(20, 26, 280.00, 330.00, 320.00, 310.00, '4-5-1', '0019', 4, 5, 1, true),
(21, 16, 140.00, 190.00, 180.00, 170.00, '5-1-2', '0020', 5, 1, 2, true),
(22, 26, 240.00, 290.00, 280.00, 270.00, '5-2-3', '0021', 5, 2, 3, true),
(23, 21, 190.00, 240.00, 230.00, 220.00, '5-3-4', '0022', 5, 3, 4, true),
(24, 34, 340.00, 390.00, 380.00, 370.00, '5-4-5', '0023', 5, 4, 5, true),
(25, 29, 290.00, 340.00, 330.00, 320.00, '5-5-1', '0024', 5, 5, 1, true),
(26, 18, 150.00, 200.00, 190.00, 180.00, '1-1-2', '0025', 1, 1, 2, true);
SELECT * FROM product\G;

SELECT 'Insertion of products done successfully!' AS message;
